<?xml version="1.0" encoding="UTF-8"?>
<rss version="2.0" xmlns:atom="http://www.w3.org/2005/Atom">
  <channel>
    <title>{{ site.title | xml_escape }}</title>
    <description>{{ site.description | xml_escape }}</description>
    <link>{{ site.url | default: "http://localhost:5000" }}{{ site.baseurl }}/</link>
    <atom:link href="{{ site.url | default: "http://localhost:5000" }}{{ site.baseurl }}/feed.xml" rel="self" type="application/rss+xml"/>
    <pubDate>{{ site.time | date_to_rfc822 }}</pubDate>
    <lastBuildDate>{{ site.time | date_to_rfc822 }}</lastBuildDate>
    <generator>Jekyll v{{ jekyll.version }}</generator>
    {% assign posts = site.posts | where_exp: "post", "post.title != null" %}
    {% for post in posts limit:15 %}
      <item>
        <title>{{ post.title | xml_escape }}</title>
        {% if post.excerpt %}
        <description>{{ post.excerpt | xml_escape }}</description>
        {% else %}
        <description>{{ post.content | strip_html | truncatewords: 50 | xml_escape }}</description>
        {% endif %}
        <pubDate>{{ post.date | date_to_rfc822 }}</pubDate>
        <link>{{ site.url | default: "http://localhost:5000" }}{{ site.baseurl }}{{ post.url }}</link>
        <guid isPermaLink="true">{{ site.url | default: "http://localhost:5000" }}{{ site.baseurl }}{{ post.url }}</guid>
        {% if post.tags %}
          {% for tag in post.tags %}
            <category>{{ tag | xml_escape }}</category>
          {% endfor %}
        {% endif %}
        {% if post.categories %}
          {% for cat in post.categories %}
            <category>{{ cat | xml_escape }}</category>
          {% endfor %}
        {% endif %}
      </item>
    {% endfor %}
  </channel>
</rss>